[
	{
		"category": "Sporting Goods",
		"price": "$49.99",
		"stocked": true,
		"name": "Football"
	},
	{
		"category": "Sporting Goods",
		"price": "$9.99",
		"stocked": true,
		"name": "Baseball"
	},
	{
		"category": "Sporting Goods",
		"price": "$29.99",
		"stocked": false,
		"name": "Basketball"
	},
	{
		"category": "Sporting Goods",
		"price": "$19.99",
		"stocked": true,
		"name": "Tennis Racket"
	},
	{
		"category": "Sporting Goods",
		"price": "$34.99",
		"stocked": true,
		"name": "Soccer Ball"
	},
	{
		"category": "Electronics",
		"price": "$99.99",
		"stocked": true,
		"name": "iPod Touch"
	},
	{
		"category": "Electronics",
		"price": "$399.99",
		"stocked": false,
		"name": "iPhone 5"
	},
	{
		"category": "Electronics",
		"price": "$199.99",
		"stocked": true,
		"name": "Nexus 7"
	},
	{
		"category": "Electronics",
		"price": "$49.99",
		"stocked": true,
		"name": "Smart Watch"
	},
	{
		"category": "Electronics",
		"price": "$249.99",
		"stocked": false,
		"name": "Laptop"
	},
	{
		"category": "Home Appliances",
		"price": "$149.99",
		"stocked": true,
		"name": "Blender"
	},
	{
		"category": "Home Appliances",
		"price": "$499.99",
		"stocked": false,
		"name": "Washing Machine"
	},
	{
		"category": "Home Appliances",
		"price": "$79.99",
		"stocked": true,
		"name": "Microwave Oven"
	},
	{
		"category": "Furniture",
		"price": "$299.99",
		"stocked": true,
		"name": "Dining Table"
	},
	{
		"category": "Furniture",
		"price": "$89.99",
		"stocked": false,
		"name": "Office Chair"
	},
	{
		"category": "Furniture",
		"price": "$499.99",
		"stocked": true,
		"name": "Sofa"
	}
]
